{"cameraMode":{"drawMode":0,"name":"Shaded","section":"Shading Mode"},"sceneLighting":true,"audioPlay":false,"sceneViewState":{"showFog":true,"showMaterialUpdate":false,"showSkybox":true,"showFlares":true,"showImageEffects":true,"showParticleSystems":true},"in2DMode":false,"pivot":{"x":-1009.181640625,"y":7.306640625,"z":-0.0389404296875},"rotation":{"x":0.43589654564857485,"y":-0.5389153361320496,"z":0.3858127295970917,"w":0.6089053153991699},"size":13.3897123336792,"orthographic":true}